id,sidoName,stationName,pm10Value,timestamp
1,서울,중구,13,2025-07-11 07:44:52
2,서울,한강대로,36,2025-07-11 07:44:52
3,서울,종로구,10,2025-07-11 07:44:52
4,서울,청계천로,21,2025-07-11 07:44:52
5,서울,종로,15,2025-07-11 07:44:52
6,서울,용산구,23,2025-07-11 07:44:52
7,서울,광진구,17,2025-07-11 07:44:52
8,서울,성동구,12,2025-07-11 07:44:52
9,서울,강변북로,19,2025-07-11 07:44:52
10,서울,중랑구,14,2025-07-11 07:44:52
11,서울,동대문구,16,2025-07-11 07:44:52
12,서울,홍릉로,15,2025-07-11 07:44:52
13,서울,성북구,17,2025-07-11 07:44:52
14,서울,정릉로,17,2025-07-11 07:44:52
15,서울,도봉구,11,2025-07-11 07:44:52
16,서울,은평구,16,2025-07-11 07:44:52
17,서울,서대문구,9,2025-07-11 07:44:52
18,서울,마포구,16,2025-07-11 07:44:52
19,서울,신촌로,21,2025-07-11 07:44:52
20,서울,강서구,15,2025-07-11 07:44:52
21,서울,공항대로,-,2025-07-11 07:44:52
22,서울,구로구,19,2025-07-11 07:44:52
23,서울,영등포구,16,2025-07-11 07:44:52
24,서울,영등포로,14,2025-07-11 07:44:52
25,서울,동작구,27,2025-07-11 07:44:52
26,서울,동작대로 중앙차로,24,2025-07-11 07:44:52
27,서울,관악구,8,2025-07-11 07:44:52
28,서울,강남구,15,2025-07-11 07:44:52
29,서울,서초구,17,2025-07-11 07:44:52
30,서울,도산대로,18,2025-07-11 07:44:52
31,서울,강남대로,11,2025-07-11 07:44:52
32,서울,송파구,13,2025-07-11 07:44:52
33,서울,강동구,-,2025-07-11 07:44:52
34,서울,천호대로,10,2025-07-11 07:44:52
35,서울,금천구,8,2025-07-11 07:44:52
36,서울,시흥대로,27,2025-07-11 07:44:52
37,서울,강북구,13,2025-07-11 07:44:52
38,서울,양천구,16,2025-07-11 07:44:52
39,서울,노원구,12,2025-07-11 07:44:52
40,서울,화랑로,17,2025-07-11 07:44:52
41,서울,중구,23,2025-07-12 11:00:00.000
42,서울,한강대로,29,2025-07-12 11:00:00.000
43,서울,종로구,30,2025-07-12 11:00:00.000
44,서울,청계천로,27,2025-07-12 11:00:00.000
45,서울,종로,33,2025-07-12 11:00:00.000
46,서울,광진구,18,2025-07-12 11:00:00.000
47,서울,강변북로,27,2025-07-12 11:00:00.000
48,서울,중랑구,19,2025-07-12 11:00:00.000
49,서울,동대문구,31,2025-07-12 11:00:00.000
50,서울,홍릉로,32,2025-07-12 11:00:00.000
51,서울,성북구,24,2025-07-12 11:00:00.000
52,서울,정릉로,37,2025-07-12 11:00:00.000
53,서울,도봉구,12,2025-07-12 11:00:00.000
54,서울,은평구,27,2025-07-12 11:00:00.000
55,서울,서대문구,18,2025-07-12 11:00:00.000
56,서울,마포구,19,2025-07-12 11:00:00.000
57,서울,신촌로,39,2025-07-12 11:00:00.000
58,서울,강서구,29,2025-07-12 11:00:00.000
59,서울,공항대로,18,2025-07-12 11:00:00.000
60,서울,구로구,17,2025-07-12 11:00:00.000
61,서울,영등포구,21,2025-07-12 11:00:00.000
62,서울,영등포로,22,2025-07-12 11:00:00.000
63,서울,동작구,28,2025-07-12 11:00:00.000
64,서울,동작대로 중앙차로,59,2025-07-12 11:00:00.000
65,서울,관악구,28,2025-07-12 11:00:00.000
66,서울,강남구,20,2025-07-12 11:00:00.000
67,서울,서초구,22,2025-07-12 11:00:00.000
68,서울,도산대로,24,2025-07-12 11:00:00.000
69,서울,강남대로,18,2025-07-12 11:00:00.000
70,서울,송파구,11,2025-07-12 11:00:00.000
71,서울,강동구,18,2025-07-12 11:00:00.000
72,서울,천호대로,8,2025-07-12 11:00:00.000
73,서울,금천구,27,2025-07-12 11:00:00.000
74,서울,시흥대로,41,2025-07-12 11:00:00.000
75,서울,강북구,21,2025-07-12 11:00:00.000
76,서울,양천구,22,2025-07-12 11:00:00.000
77,서울,노원구,9,2025-07-12 11:00:00.000
78,서울,화랑로,41,2025-07-12 11:00:00.000
79,서울,중구,25,2025-07-13 08:00:00.000
80,서울,한강대로,48,2025-07-13 08:00:00.000
81,서울,종로구,29,2025-07-13 08:00:00.000
82,서울,청계천로,37,2025-07-13 08:00:00.000
83,서울,종로,33,2025-07-13 08:00:00.000
84,서울,용산구,34,2025-07-13 08:00:00.000
85,서울,광진구,36,2025-07-13 08:00:00.000
86,서울,성동구,27,2025-07-13 08:00:00.000
87,서울,강변북로,40,2025-07-13 08:00:00.000
88,서울,중랑구,34,2025-07-13 08:00:00.000
89,서울,동대문구,37,2025-07-13 08:00:00.000
90,서울,홍릉로,42,2025-07-13 08:00:00.000
91,서울,성북구,29,2025-07-13 08:00:00.000
92,서울,정릉로,34,2025-07-13 08:00:00.000
93,서울,도봉구,28,2025-07-13 08:00:00.000
94,서울,은평구,38,2025-07-13 08:00:00.000
95,서울,서대문구,26,2025-07-13 08:00:00.000
96,서울,마포구,34,2025-07-13 08:00:00.000
97,서울,신촌로,38,2025-07-13 08:00:00.000
98,서울,강서구,29,2025-07-13 08:00:00.000
99,서울,공항대로,36,2025-07-13 08:00:00.000
100,서울,구로구,35,2025-07-13 08:00:00.000
101,서울,영등포구,34,2025-07-13 08:00:00.000
102,서울,영등포로,39,2025-07-13 08:00:00.000
103,서울,동작구,38,2025-07-13 08:00:00.000
104,서울,동작대로 중앙차로,34,2025-07-13 08:00:00.000
105,서울,관악구,23,2025-07-13 08:00:00.000
106,서울,강남구,32,2025-07-13 08:00:00.000
107,서울,서초구,30,2025-07-13 08:00:00.000
108,서울,도산대로,39,2025-07-13 08:00:00.000
109,서울,강남대로,30,2025-07-13 08:00:00.000
110,서울,송파구,35,2025-07-13 08:00:00.000
111,서울,강동구,38,2025-07-13 08:00:00.000
112,서울,천호대로,38,2025-07-13 08:00:00.000
113,서울,금천구,35,2025-07-13 08:00:00.000
114,서울,시흥대로,47,2025-07-13 08:00:00.000
115,서울,강북구,27,2025-07-13 08:00:00.000
116,서울,양천구,46,2025-07-13 08:00:00.000
117,서울,노원구,38,2025-07-13 08:00:00.000
118,서울,화랑로,36,2025-07-13 08:00:00.000
